cst;cst_nome;cclasstrib;descricao;nome_reduzido;red_ibs;red_cbs;tipo_aliquota;nfe;nfce;nfse;anexo;url;inicio;fim;publicacao
000;Tributação integral;000001;Situações tributadas integralmente pelo IBS e CBS.;Situações tributadas integralmente pelo IBS e CBS.;0;0;2;S;S;S;;https://www.planalto.gov.br/ccivil_03/leis/lcp/lcp214.htm#art4;2025-05-05;;2026-06-22
000;Tributação integral;000002;Exploração de via, observado o art. 11 da Lei Complementar nº 214, de 2025.;Exploração de via;0;0;2;N;N;N;90111;https://www.planalto.gov.br/ccivil_03/leis/lcp/lcp214.htm#art11;2025-05-05;;2026-06-22
000;Tributação integral;000003;Regime automotivo - projetos incentivados, observado o art. 311 da Lei Complementar nº 214, de 2025.;Regime automotivo - projetos incentivados (art. 311);0;0;2;S;N;N;;https://www.planalto.gov.br/ccivil_03/leis/lcp/lcp214.htm#art311;2025-05-05;;2026-06-22
000;Tributação integral;000004;Regime automotivo - projetos incentivados, observado o art. 312 da Lei Complementar nº 214, de 2025.;Regime automotivo - projetos incentivados (art. 312);0;0;2;S;N;N;;https://www.planalto.gov.br/ccivil_03/leis/lcp/lcp214.htm#art312;2025-05-05;;2026-06-22
000;Tributação integral;000005;Operação com EAC destinado à mistura com gasolina A, mas com saída do biocombustível com destinação diversa, observado o art. 179 da Lei Complementar nº 214, de 2025.;Operação com EAC destinado à mistura com gasolina A, mas com saída do biocombustível com destinação diversa;0;0;2;S;N;N;;"https://www.planalto.gov.br/ccivil_03/leis/lcp/lcp214.htm#art179
";2026-01-01;;2026-06-22
000;Tributação integral;000006;Situações tributadas integralmente pelo IBS e CBS realizadas por autônomo;Situações tributadas integralmente pelo IBS e CBS.realizadas por autônomo;0;0;2;N;N;S;;https://www.planalto.gov.br/ccivil_03/leis/lcp/lcp214.htm#art4;2026-01-01;;2026-10-01
010;Tributação com alíquotas uniformes;010001;Operações do FGTS não realizadas pela Caixa Econômica Federal, observado o art. 212 da Lei Complementar nº 214, de 2025.;Operações do FGTS não realizadas pela Caixa Econômica Federal;0;0;5;N;N;S;;https://www.planalto.gov.br/ccivil_03/leis/lcp/lcp214.htm#art212;2025-05-05;;2026-06-22
010;Tributação com alíquotas uniformes;010002;Operações do serviço financeiro;Operações do serviço financeiro;0;0;5;N;N;S;;"https://www.planalto.gov.br/ccivil_03/leis/lcp/lcp214.htm#art233
";2025-09-30;;2026-06-22
011;Tributação com alíquotas uniformes reduzidas;011001;Planos de assistência funerária, observado o art. 236 da Lei Complementar nº 214, de 2025.;Planos de assistência funerária.;60;60;4;N;N;N;;https://www.planalto.gov.br/ccivil_03/leis/lcp/lcp214.htm#art236;2025-05-05;;2026-06-22
011;Tributação com alíquotas uniformes reduzidas;011002;Planos de assistência à saúde, observado o art. 237 da Lei Complementar nº 214, de 2025.;Planos de assistência à saúde;60;60;4;N;N;N;;https://www.planalto.gov.br/ccivil_03/leis/lcp/lcp214.htm#art237;2025-05-05;;2026-06-22
011;Tributação com alíquotas uniformes reduzidas;011003;Intermediação de planos de assistência à saúde, observado o art. 240 da Lei Complementar nº 214, de 2025.;Intermediação de planos de assistência à saúde;60;60;4;N;N;S;92401;https://www.planalto.gov.br/ccivil_03/leis/lcp/lcp214.htm#art240;2025-05-05;;2026-06-22
011;Tributação com alíquotas uniformes reduzidas;011004;Concursos e prognósticos, observado o art. 246 da Lei Complementar nº 214, de 2025.;Concursos e prognósticos;0;0;4;N;N;N;;https://www.planalto.gov.br/ccivil_03/leis/lcp/lcp214.htm#art246;2025-05-05;;2026-06-22
011;Tributação com alíquotas uniformes reduzidas;011005;Planos de assistência à saúde de animais domésticos, observado o art. 243 da Lei Complementar nº 214, de 2025.;Planos de assistência à saúde de animais domésticos;30;30;4;N;N;N;;https://www.planalto.gov.br/ccivil_03/leis/lcp/lcp214.htm#art243;2025-05-05;;2026-06-22
200;Alíquota reduzida;200001;Serviços de transporte de bens até as zonas de processamento de exportação e bens exportados a partir das zonas de processamento de exportação, observado o art. 103 da Lei Complementar n 214, de 2025.;Serviços de transporte de bens até as zonas de processamento de exportação e bens exportados a partir das zonas de processamento de exportação;100;100;2;N;N;S;;https://www.planalto.gov.br/ccivil_03/leis/lcp/lcp214.htm#art103;2025-05-05;;2026-10-01
200;Alíquota reduzida;200002;Fornecimento ou importação de tratores, máquinas e implementos agrícolas, destinados a produtor rural não contribuinte, e de veículos de transporte de carga destinados a transportador autônomo de carga pessoa física não contribuinte, observado o art. 110 da Lei Complementar nº 214, de 2025.;Fornecimento ou importação para produtor rural não contribuinte ou TAC;100;100;2;S;S;N;81971;https://www.planalto.gov.br/ccivil_03/leis/lcp/lcp214.htm#art110;2025-05-05;;2026-10-01
200;Alíquota reduzida;200003;Vendas de produtos destinados à alimentação humana relacionados no Anexo I da Lei Complementar nº 214, de 2025, com a especificação das respectivas classificações da NCM/SH, que compõem a Cesta Básica Nacional de Alimentos, criada nos termos do art. 8º da Emenda Constitucional nº 132, de 20 de dezembro de 2023, observado o art. 125 da Lei Complementar nº 214, de 2025.;Vendas de produtos destinados à alimentação humana (Anexo I);100;100;2;S;S;N;1;https://www.planalto.gov.br/ccivil_03/leis/lcp/lcp214.htm#art125;2025-05-05;;2026-06-22
200;Alíquota reduzida;200004;Fornecimento de dispositivos médicos com a especificação das respectivas classificações da NCM/SH previstas no Anexo XII da Lei Complementar nº 214, de 2025, observado o art. 144 da Lei Complementar nº 214, de 2025.;Fornecimento de dispositivos médicos (Anexo XII);100;100;2;S;S;S;12;https://www.planalto.gov.br/ccivil_03/leis/lcp/lcp214.htm#art144;2025-05-05;;2026-06-22
200;Alíquota reduzida;200005;Fornecimento de dispositivos médicos com a especificação das respectivas classificações da NCM/SH previstas no Anexo IV da Lei Complementar nº 214, de 2025, quando adquiridos por órgãos da administração pública direta, autarquias, fundações públicas e entidades de saúde imunes, observado o art. 144 da Lei Complementar nº 214, de 2025.;Fornecimento de dispositivos médicos para órgãos da administração pública e entidades de saúde imunes (Anexo IV);100;100;2;S;N;S;4;https://www.planalto.gov.br/ccivil_03/leis/lcp/lcp214.htm#art144;2025-05-05;;2026-06-22
200;Alíquota reduzida;200006;Situação de emergência de saúde pública reconhecida pelo Poder Legislativo federal, estadual, distrital ou municipal competente, ato conjunto do Ministro da Fazenda e do Comitê Gestor do IBS poderá ser editado, a qualquer momento, para incluir dispositivos não listados no Anexo XII da Lei Complementar nº 214, de 2025, limitada a vigência do benefício ao período e à localidade da emergência de saúde pública, observado o art. 144 da Lei Complementar nº 214, de 2025.;Situação de emergência de saúde pública reconhecida pelo Poder público;100;100;2;S;S;S;;https://www.planalto.gov.br/ccivil_03/leis/lcp/lcp214.htm#art144;2025-05-05;;2026-06-22
200;Alíquota reduzida;200007;Fornecimento dos dispositivos de acessibilidade próprios para pessoas com deficiência relacionados no Anexo XIII da Lei Complementar nº 214, de 2025, com a especificação das respectivas classificações da NCM/SH, observado o art. 145 da Lei Complementar nº 214, de 2025.;Fornecimento dos dispositivos de acessibilidade próprios para pessoas com deficiência (Anexo XIII);100;100;2;S;S;S;13;https://www.planalto.gov.br/ccivil_03/leis/lcp/lcp214.htm#art145;2025-05-05;;2026-06-22
200;Alíquota reduzida;200008;Fornecimento dos dispositivos de acessibilidade próprios para pessoas com deficiência relacionados no Anexo V da Lei Complementar nº 214, de 2025, com a especificação das respectivas classificações da NCM/SH, quando adquiridos por órgãos da administração pública direta, autarquias, fundações públicas e entidades imunes, observado o art. 145 da Lei Complementar nº 214, de 2025.;Fornecimento dos dispositivos de acessibilidade próprios para pessoas com deficiência adquiridos por órgãos da administração pública (Anexo V);100;100;2;S;N;S;5;https://www.planalto.gov.br/ccivil_03/leis/lcp/lcp214.htm#art145;2025-05-05;;2026-06-22
200;Alíquota reduzida;200009;Fornecimento dos medicamentos registrados na Anvisa, observado o art. 146 da Lei Complementar nº 214, de 2025.;Fornecimento dos medicamentos registrados na Anvisa;100;100;2;S;S;N;;https://www.planalto.gov.br/ccivil_03/leis/lcp/lcp214.htm#art146;2025-05-05;;2026-06-22
200;Alíquota reduzida;200010;Fornecimento dos medicamentos registrados na Anvisa, quando adquiridos por órgãos da administração pública direta, autarquias, fundações públicas e entidades imunes, observado o art. 146 da Lei Complementar nº 214, de 2025.;Fornecimento dos medicamentos registrados na Anvisa, adquiridos por órgãos da administração pública;100;100;2;S;S;N;;https://www.planalto.gov.br/ccivil_03/leis/lcp/lcp214.htm#art146;2025-05-05;;2026-06-22
200;Alíquota reduzida;200011;Fornecimento das composições para nutrição enteral e parenteral, composições especiais e fórmulas nutricionais destinadas às pessoas com erros inatos do metabolismo relacionadas no Anexo VI da Lei Complementar nº 214, de 2025, com a especificação das respectivas classificações da NCM/SH, quando adquiridas por órgãos da administração pública direta, autarquias e fundações públicas, observado o art. 146 da Lei Complementar nº 214, de 2025.;Fornecimento das composições para nutrição enteral e parenteral quando adquiridas por órgãos da administração pública (Anexo VI);100;100;2;S;N;N;6;https://www.planalto.gov.br/ccivil_03/leis/lcp/lcp214.htm#art146;2025-05-05;;2026-06-22
200;Alíquota reduzida;200012;Situação de emergência de saúde pública reconhecida pelo Poder Legislativo federal, estadual, distrital ou municipal competente, ato conjunto do Ministro da Fazenda e do Comitê Gestor do IBS poderá ser editado, a qualquer momento, limitada a vigência do benefício ao período e à localidade da emergência de saúde pública, observado o art. 146 da Lei Complementar nº 214, de 2025.;Situação de emergência de saúde pública reconhecida pelo Poder público;100;100;2;S;S;N;;https://www.planalto.gov.br/ccivil_03/leis/lcp/lcp214.htm#art146;2025-05-05;;2026-10-01
200;Alíquota reduzida;200013;Fornecimento de tampões higiênicos, absorventes higiênicos internos ou externos, descartáveis ou reutilizáveis, calcinhas absorventes e coletores menstruais, observado o art. 147 da Lei Complementar nº 214, de 2025.;Fornecimento de tampões higiênicos, absorventes higiênicos internos ou externos;100;100;2;S;S;N;91471;https://www.planalto.gov.br/ccivil_03/leis/lcp/lcp214.htm#art147;2025-05-05;;2026-06-22
200;Alíquota reduzida;200014;Fornecimento dos produtos hortícolas, frutas e ovos, relacionados no Anexo XV da Lei Complementar nº 214 , de 2025, com a especificação das respectivas classificações da NCM/SH e desde que não cozidos, observado o art. 148 da Lei Complementar nº 214, de 2025.;Fornecimento dos produtos hortícolas, frutas e ovos (Anexo XV);100;100;2;S;S;N;15;https://www.planalto.gov.br/ccivil_03/leis/lcp/lcp214.htm#art148;2025-05-05;;2026-06-22
200;Alíquota reduzida;200015;Venda de automóveis de passageiros de fabricação nacional de, no mínimo, 4 (quatro) portas, inclusive a de acesso ao bagageiro, quando adquiridos por motoristas profissionais que exerçam, comprovadamente, em automóvel de sua propriedade, atividade de condutor autônomo de passageiros, na condição de titular de autorização, permissão ou concessão do poder público, e que destinem o automóvel à utilização na categoria de aluguel (táxi), ou por pessoas com deficiência física, visual, auditiva, deficiência mental severa ou profunda, transtorno do espectro autista, com prejuízos na comunicação social e em padrões restritos ou repetitivos de comportamento de nível moderado ou grave, nos termos da legislação relativa à matéria, observado o disposto no art. 149 da Lei Complementar nº 214, de 2025.;Venda de automóveis de passageiros de fabricação nacional adquiridos por motoristas profissionais ou pessoas com deficiência;100;100;2;S;S;N;;https://www.planalto.gov.br/ccivil_03/leis/lcp/lcp214.htm#art149;2025-05-05;;2026-06-22
200;Alíquota reduzida;200016;Prestação de serviços de pesquisa e desenvolvimento por Instituição Científica, Tecnológica e de Inovação (ICT) sem fins lucrativos para a administração pública direta, autarquias e fundações públicas ou para o contribuinte sujeito ao regime regular do IBS e da CBS, observado o disposto no art. 156 da Lei Complementar nº 214, de 2025.;Prestação de serviços de pesquisa e desenvolvimento por Instituição Científica, Tecnológica e de Inovação (ICT);100;100;2;N;N;S;91561;https://www.planalto.gov.br/ccivil_03/leis/lcp/lcp214.htm#art156;2025-05-05;;2026-06-22
200;Alíquota reduzida;200017;Operações relacionadas ao FGTS, considerando aquelas necessárias à aplicação da Lei nº 8.036, de 1990, realizadas pelo Conselho Curador ou Secretaria Executiva do FGTS, observado o art. 212 da Lei Complementar nº 214, de 2025.;Operações relacionadas ao FGTS;100;100;2;N;N;S;;https://www.planalto.gov.br/ccivil_03/leis/lcp/lcp214.htm#art212;2025-05-05;;2026-06-22
200;Alíquota reduzida;200018;Operações de resseguro e retrocessão ficam sujeitas à incidência à alíquota zero, inclusive quando os prêmios de resseguro e retrocessão forem cedidos ao exterior, observado o art. 223 da Lei Complementar nº 214, de 2025.;Operações de resseguro e retrocessão;100;100;2;N;N;N;;https://www.planalto.gov.br/ccivil_03/leis/lcp/lcp214.htm#art223;2025-05-05;;2026-06-22
200;Alíquota reduzida;200019;Importador dos serviços financeiros que seja contribuinte e tenha direito de apropriação de créditos na aquisição do mesmo serviço financeiro no País, observado o art. 231 da Lei Complementar nº 214, de 2025.;Importador dos serviços financeiros contribuinte;100;100;2;N;N;S;;https://www.planalto.gov.br/ccivil_03/leis/lcp/lcp214.htm#art231;2025-05-05;;2026-06-22
200;Alíquota reduzida;200020;Operação praticada por sociedades cooperativas optantes por regime específico do IBS e CBS, quando o associado destinar bem ou serviço à cooperativa de que participa, e a cooperativa fornecer bem ou serviço ao associado sujeito ao regime regular do IBS e da CBS, observado o art. 271 da Lei Complementar nº 214, de 2025.;Operação praticada por sociedades cooperativas optantes por regime específico do IBS e CBS;100;100;2;S;S;S;;https://www.planalto.gov.br/ccivil_03/leis/lcp/lcp214.htm#art271;2025-05-05;;2026-06-22
200;Alíquota reduzida;200021;Serviços de transporte público coletivo de passageiros ferroviário e hidroviário urbanos, semiurbanos e metropolitanos, observado o art. 285 da Lei Complementar nº 214, de 2025.;Serviços de transporte público coletivo de passageiros ferroviário e hidroviário;100;100;2;N;N;S;;https://www.planalto.gov.br/ccivil_03/leis/lcp/lcp214.htm#art285;2025-05-05;;2026-06-22
200;Alíquota reduzida;200022;Operação originada fora da Zona Franca de Manaus que destine bem material industrializado de origem nacional a contribuinte estabelecido na Zona Franca de Manaus que seja habilitado nos termos do art. 442 da Lei Complementar nº 214, de 2025, e sujeito ao regime regular do IBS e da CBS ou optante pelo regime do Simples Nacional de que trata o art. 12 da Lei Complementar nº 123, de 2006, observado o art. 445 da Lei Complementar nº 214, de 2025.;Operação originada fora da ZFM que destine bem material industrializado a contribuinte estabelecido na ZFM;100;100;2;S;N;N;;https://www.planalto.gov.br/ccivil_03/leis/lcp/lcp214.htm#art445;2025-05-05;;2026-06-22
200;Alíquota reduzida;200023;Operação realizada por indústria incentivada que destine bem material intermediário para outra indústria incentivada na Zona Franca de Manaus, desde que a entrega ou disponibilização dos bens ocorra dentro da referida área, observado o art. 448 da Lei Complementar nº 214, de 2025.;Operação realizada por indústria incentivada que destine bem material intermediário para outra indústria incentivada na ZFM;100;100;2;S;N;N;;https://www.planalto.gov.br/ccivil_03/leis/lcp/lcp214.htm#art448;2025-05-05;;2026-06-22
200;Alíquota reduzida;200024;Operação originada fora das Áreas de Livre Comércio que destine bem material industrializado de origem nacional a contribuinte estabelecido nas Áreas de Livre Comércio que seja habilitado nos termos do art. 456 da Lei Complementar nº 214, de 2025, e sujeito ao regime regular do IBS e da CBS ou optante pelo regime do Simples Nacional de que trata o art. 12 da Lei Complementar nº 123, de 2006, observado o art. 463 da Lei Complementar nº 214, de 2025.;Operação originada fora das Áreas de Livre Comércio destinadas a contribuinte estabelecido nas Áreas de Livre Comércio;100;100;2;S;N;N;;https://www.planalto.gov.br/ccivil_03/leis/lcp/lcp214.htm#art463;2025-05-05;;2026-06-22
200;Alíquota reduzida;200025;Fornecimento dos serviços de educação relacionados ao Programa Universidade para Todos (Prouni), instituído pela Lei nº 11.096, de 13 de janeiro de 2005, observado o art. 308 da Lei Complementar nº 214, de 2025.;Fornecimento dos serviços de educação relacionados ao Programa Universidade para Todos (Prouni);60;100;2;N;N;S;93081;https://www.planalto.gov.br/ccivil_03/leis/lcp/lcp214.htm#art308;2025-05-05;;2026-06-22
200;Alíquota reduzida;200026;Locação de imóveis localizados nas zonas reabilitadas, pelo prazo de 5 (cinco) anos, contado da data de expedição do habite-se, e relacionados a projetos de reabilitação urbana de zonas históricas e de áreas críticas de recuperação e reconversão urbanística dos Municípios ou do Distrito Federal, a serem delimitadas por lei municipal ou distrital, observado o art. 158 da Lei Complementar nº 214, de 2025.;Locação de imóveis localizados nas zonas reabilitadas;80;80;2;N;N;S;91581;https://www.planalto.gov.br/ccivil_03/leis/lcp/lcp214.htm#art158;2025-05-05;;2026-06-22
200;Alíquota reduzida;200027;Operações de locação, cessão onerosa e arrendamento de bens imóveis, observado o art. 261 da Lei Complementar nº 214, de 2025.;Operações de locação, cessão onerosa e arrendamento de bens imóveis;70;70;2;N;N;S;92611;https://www.planalto.gov.br/ccivil_03/leis/lcp/lcp214.htm#art261;2025-05-05;;2026-06-22
200;Alíquota reduzida;200028;Fornecimento dos serviços de educação relacionados no Anexo II da Lei Complementar nº 214, de 2025, com a especificação das respectivas classificações da Nomenclatura Brasileira de Serviços, Intangíveis e Outras Operações que Produzam Variações no Patrimônio (NBS), observado o art. 129 da Lei Complementar nº 214, de 2025.;Fornecimento dos serviços de educação (Anexo II);60;60;2;N;N;S;2;https://www.planalto.gov.br/ccivil_03/leis/lcp/lcp214.htm#art129;2025-05-05;;2026-06-22
200;Alíquota reduzida;200029;Fornecimento dos serviços de saúde humana relacionados no Anexo III da Lei Complementar nº 214, de 2025, com a especificação das respectivas classificações da NBS, observado o art. 130 da Lei Complementar nº 214, de 2025.;Fornecimento dos serviços de saúde humana (Anexo III);60;60;2;N;N;S;3;https://www.planalto.gov.br/ccivil_03/leis/lcp/lcp214.htm#art130;2025-05-05;;2026-06-22
200;Alíquota reduzida;200030;Venda dos dispositivos médicos relacionados no Anexo IV da Lei Complementar nº 214, de 2025, com a especificação das respectivas classificações da NCM/SH, observado o art. 131 da Lei Complementar nº 214, de 2025.;Venda dos dispositivos médicos (Anexo IV);60;60;2;S;S;S;4;https://www.planalto.gov.br/ccivil_03/leis/lcp/lcp214.htm#art131;2025-05-05;;2026-06-22
200;Alíquota reduzida;200031;Fornecimento dos dispositivos de acessibilidade próprios para pessoas com deficiência relacionados no Anexo V da Lei Complementar nº 214, de 2025, com a especificação das respectivas classificações da NCM/SH, observado o art. 132 da Lei Complementar nº 214, de 2025.;Fornecimento dos dispositivos de acessibilidade próprios para pessoas com deficiência (Anexo V);60;60;2;S;S;S;5;https://www.planalto.gov.br/ccivil_03/leis/lcp/lcp214.htm#art132;2025-05-05;;2026-06-22
200;Alíquota reduzida;200032;Fornecimento dos medicamentos registrados na Anvisa ou produzidos por farmácias de manipulação, ressalvados os medicamentos sujeitos à alíquota zero de que trata o art. 146 da Lei Complementar nº 214, de 2025, observado o art. 133 da Lei Complementar nº 214, de 2025.;Fornecimento dos medicamentos registrados na Anvisa ou produzidos por farmácias de manipulação, ressalvados os medicamentos sujeitos à alíquota zero;60;60;2;S;S;N;;https://www.planalto.gov.br/ccivil_03/leis/lcp/lcp214.htm#art133;2025-05-05;;2026-06-22
200;Alíquota reduzida;200033;Fornecimento das composições para nutrição enteral e parenteral, composições especiais e fórmulas nutricionais destinadas às pessoas com erros inatos do metabolismo relacionadas no Anexo VI da Lei Complementar nº 214, de 2025, com a especificação das respectivas classificações da NCM/SH, observado o art. 133 da Lei Complementar nº 214, de 2025.;Fornecimento das composições para nutrição enteral e parenteral (Anexo VI);60;60;2;S;S;N;6;https://www.planalto.gov.br/ccivil_03/leis/lcp/lcp214.htm#art133;2025-05-05;;2026-10-01
200;Alíquota reduzida;200034;Fornecimento dos alimentos destinados ao consumo humano relacionados no Anexo VII da Lei Complementar nº 214, de 2025, com a especificação das respectivas classificações da NCM/SH, observado o art. 135 da Lei Complementar nº 214, de 2025.;Fornecimento dos alimentos destinados ao consumo humano (Anexo VII);60;60;2;S;S;N;7;https://www.planalto.gov.br/ccivil_03/leis/lcp/lcp214.htm#art135;2025-05-05;;2026-06-22
200;Alíquota reduzida;200035;Fornecimento dos produtos de higiene pessoal e limpeza relacionados no Anexo VIII da Lei Complementar nº 214, de 2025, com a especificação das respectivas classificações da NCM/SH, observado o art. 136 da Lei Complementar nº 214, de 2025.;Fornecimento dos produtos de higiene pessoal e limpeza (Anexo VIII);60;60;2;S;S;N;8;https://www.planalto.gov.br/ccivil_03/leis/lcp/lcp214.htm#art136;2025-05-05;;2026-06-22
200;Alíquota reduzida;200036;Fornecimento de produtos agropecuários, aquícolas, pesqueiros, florestais e extrativistas vegetais in natura, observado o art. 137 da Lei Complementar nº 214, de 2025.;Fornecimento de produtos agropecuários, aquícolas, pesqueiros, florestais e extrativistas vegetais in natura;60;60;2;S;S;N;;https://www.planalto.gov.br/ccivil_03/leis/lcp/lcp214.htm#art137;2025-05-05;;2026-06-22
200;Alíquota reduzida;200037;Fornecimento de serviços ambientais de conservação ou recuperação da vegetação nativa, mesmo que fornecidos sob a forma de manejo sustentável de sistemas agrícolas, agroflorestais e agrossilvopastoris, em conformidade com as definições e requisitos da legislação específica, observado o art. 137 da Lei Complementar nº 214, de 2025.;Fornecimento de serviços ambientais de conservação ou recuperação da vegetação nativa;60;60;2;N;N;S;;https://www.planalto.gov.br/ccivil_03/leis/lcp/lcp214.htm#art137;2025-05-05;;2026-06-22
200;Alíquota reduzida;200038;Fornecimento dos insumos agropecuários e aquícolas relacionados no Anexo IX da Lei Complementar nº 214, de 2025, com a especificação das respectivas classificações da NCM/SH e da NBS, observado o art. 138 da Lei Complementar nº 214, de 2025.;Fornecimento dos insumos agropecuários e aquícolas (Anexo IX);60;60;2;S;S;S;9;https://www.planalto.gov.br/ccivil_03/leis/lcp/lcp214.htm#art138;2025-05-05;;2026-06-22
200;Alíquota reduzida;200039;Fornecimento dos bens e serviços listados no Anexo X da Lei Complementar nº 214, de 2025, com a especificação das respectivas classificações da NCM/SH e NBS, nos casos relacionados com produções nacionais artísticas, culturais, de eventos, jornalísticas e audiovisuais, observado o art. 139 da Lei Complementar nº 214, de 2025.;Fornecimento dos bens e serviços relacionados com produções nacionais artísticas, culturais, de eventos, jornalísticas e audiovisuais (Anexo X);60;60;2;S;N;S;10;https://www.planalto.gov.br/ccivil_03/leis/lcp/lcp214.htm#art139;2025-05-05;;2026-06-22
200;Alíquota reduzida;200040;Fornec dos seguintes serv de comunic instit à admin púb direta, autarq e fund púb: serviços direcionados ao planej, criação, programação e manutenção de páginas eletrônicas da admin pública, ao monitor e gestão de suas redes sociais e à otimização de páginas e canais digitais para mecanismos de buscas e produção de mensagens, infográficos, painéis interativos e conteúdo institucional, serviços de relações com a imprensa, que reúnem estrat org para promover e reforçar a comunicação dos órgãos e das entidades contratantes com seus públicos de interesse, por meio da interação com prof da imprensa, e serviços de relações públicas, que compreendem o esforço de comunic planej, coeso e contínuo que tem por obj estab adequada percepção da atuação e dos obj instituc, a partir do estímulo à compreensão mútua e da manut de padrões de relac e fluxos de inf entre os órgãos e as entidades contrat e seus públicos de interesse, no País e no exterior, obs o art. 140 da Lei Compl nº 214, de 2025;Fornecimento de serviços de comunicação institucional à administração pública;60;60;2;N;N;S;;https://www.planalto.gov.br/ccivil_03/leis/lcp/lcp214.htm#art140;2025-05-05;;2026-06-22
200;Alíquota reduzida;200041;Operações relacionadas às seguintes atividades desportivas: fornecimento de serviço de educação desportiva, classificado no código 1.2205.12.00 da NBS, e gestão e exploração do desporto por associações e clubes esportivos filiados ao órgão estadual ou federal responsável pela coordenação dos desportos, inclusive por meio de venda de ingressos para eventos desportivos, fornecimento oneroso ou não de bens e serviços, inclusive ingressos, por meio de programas de sócio-torcedor, cessão dos direitos desportivos dos atletas e transferência de atletas para outra entidade desportiva ou seu retorno à atividade em outra entidade desportiva, observado o art. 141 da Lei Complementar nº 214, de 2025.;Fornecimento de serviço de educação desportiva (art. 141. I);60;60;2;N;N;S;91411;https://www.planalto.gov.br/ccivil_03/leis/lcp/lcp214.htm#art141;2025-05-05;;2026-06-22
200;Alíquota reduzida;200042;Operações relacionadas às seguintes atividades desportivas: gestão e exploração do desporto por associações e clubes esportivos filiados ao órgão estadual ou federal responsável pela coordenação dos desportos, observado o art. 141 da Lei Complementar nº 214, de 2025.;Fornecimento de serviço de gestão e exploração do desporto (art. 141. II);60;60;2;N;N;S;;https://www.planalto.gov.br/ccivil_03/leis/lcp/lcp214.htm#art141;2025-05-05;;2026-06-22
200;Alíquota reduzida;200043;Fornecimento à administração pública direta, autarquias e fundações púbicas dos serviços e dos bens relativos à soberania e à segurança nacional, à segurança da informação e à segurança cibernética relacionados no Anexo XI da Lei Complementar nº 214, de 2025, com a especificação das respectivas classificações da NBS e da NCM/SH, observado o art. 142 da Lei Complementar nº 214, de 2025.;Fornecimento à administração pública dos serviços e dos bens relativos à soberania (Anexo XI);60;60;2;S;N;S;11;https://www.planalto.gov.br/ccivil_03/leis/lcp/lcp214.htm#art142;2025-05-05;;2026-06-22
200;Alíquota reduzida;200044;Operações e prestações de serviços de segurança da informação e segurança cibernética desenvolvidos por sociedade que tenha sócio brasileiro com o mínimo de 20% (vinte por cento) do seu capital social, relacionados no Anexo XI da Lei Complementar nº 214, de 2025, com a especificação das respectivas classificações da NBS e da NCM/SH, observado o art. 142 da Lei Complementar nº 214, de 2025.;Operações e prestações de serviços de segurança da informação e segurança cibernética desenv por sociedade que tenha sócio brasileiro (Anexo XI);60;60;2;N;N;S;11;https://www.planalto.gov.br/ccivil_03/leis/lcp/lcp214.htm#art142;2025-05-05;;2026-06-22
200;Alíquota reduzida;200045;Operações relacionadas a projetos de reabilitação urbana de zonas históricas e de áreas críticas de recuperação e reconversão urbanística dos Municípios ou do Distrito Federal, a serem delimitadas por lei municipal ou distrital, observado o art. 158 da Lei Complementar nº 214, de 2025.;Operações relacionadas a projetos de reabilitação urbana de zonas históricas e de áreas críticas de recuperação e reconversão urbanística;60;60;2;N;N;S;;https://www.planalto.gov.br/ccivil_03/leis/lcp/lcp214.htm#art158;2025-05-05;;2026-06-22
200;Alíquota reduzida;200046;Operações com bens imóveis, observado o art. 261 da Lei Complementar nº 214, de 2025.;Operações com bens imóveis;50;50;2;N;N;S;;https://www.planalto.gov.br/ccivil_03/leis/lcp/lcp214.htm#art261;2025-05-05;;2026-06-22
200;Alíquota reduzida;200047;Bares e Restaurantes, observado o art. 275 da Lei Complementar nº 214, de 2025.;Bares e Restaurantes;40;40;2;S;S;N;;https://www.planalto.gov.br/ccivil_03/leis/lcp/lcp214.htm#art275;2025-05-05;;2026-06-22
200;Alíquota reduzida;200048;Hotelaria, Parques de Diversão e Parques Temáticos, observado o art. 281 da Lei Complementar nº 214, de 2025.;Hotelaria, Parques de Diversão e Parques Temáticos;40;40;2;N;N;S;92811;https://www.planalto.gov.br/ccivil_03/leis/lcp/lcp214.htm#art281;2025-05-05;;2026-06-22
200;Alíquota reduzida;200049;Transporte coletivo de passageiros rodoviário, ferroviário e hidroviário intermunicipais e interestaduais, observado o art. 286 da Lei Complementar nº 214, de 2025.;Transporte coletivo de passageiros rodoviário, ferroviário e hidroviário;40;40;2;N;N;N;;https://www.planalto.gov.br/ccivil_03/leis/lcp/lcp214.htm#art286;2025-05-05;;2026-06-22
200;Alíquota reduzida;200050;Serviços de transporte aéreo regional coletivo de passageiros ou de carga, observado o art. 287 da Lei Complementar nº 214, de 2025.;Serviços de transporte aéreo regional coletivo de passageiros ou de carga;40;40;2;N;N;N;;https://www.planalto.gov.br/ccivil_03/leis/lcp/lcp214.htm#art287;2025-05-05;;2026-06-22
200;Alíquota reduzida;200051;Agências de Turismo, observado o art. 289 da Lei Complementar nº 214, de 2025.;Agências de Turismo;40;40;2;N;N;S;;https://www.planalto.gov.br/ccivil_03/leis/lcp/lcp214.htm#art289;2025-05-05;;2026-06-22
200;Alíquota reduzida;200052;Prestação de serviços das seguintes profissões intelectuais de natureza científica, literária ou artística, submetidas à fiscalização por conselho profissional: administradores, advogados, arquitetos e urbanistas, assistentes sociais, bibliotecários, biólogos, contabilistas, economistas, economistas domésticos, profissionais de educação física, engenheiros e agrônomos, estatísticos, médicos veterinários e zootecnistas, museólogos, químicos, profissionais de relações públicas, técnicos industriais e técnicos agrícolas, observado o art. 127 da Lei Complementar nº 214, de 2025.;Prestação de serviços de profissões intelectuais;30;30;2;N;N;S;91271;https://www.planalto.gov.br/ccivil_03/leis/lcp/lcp214.htm#art127;2025-05-05;;2026-06-22
200;Alíquota reduzida;200053;Fornecimento de medicamentos registrados na Anvisa, quando classificados como soros ou vacinas, observado o art. 146 da Lei Complementar nº 214, de 2025.;Fornecimento de medicamentos registrados na Anvisa, quando classificados como soros ou vacinas;100;100;2;S;S;N;;https://www.planalto.gov.br/ccivil_03/leis/lcp/lcp214.htm#art146;2026-01-01;;2026-06-22
200;Alíquota reduzida;200054;Fornecimento de bem material pela cooperativa de produção agropecuária a associado não sujeito ao regime regular do IBS e da CBS com anulação de créditos referentes ao bem fornecido, observado o art. 271 da Lei Complementar nº 214, de 2025.;Fornecimento de bem material pela cooperativa de produção agropecuária a associado não sujeito ao regime regular do IBS e da CBS;100;100;2;S;S;S;;"https://www.planalto.gov.br/ccivil_03/leis/lcp/lcp214.htm#art271
";2026-01-01;;2026-06-22
200;Alíquota reduzida;200055;Fornecimento dos serviços com redução de alíquota de 60% realizado por autônomo, observado o art. 128 da Lei Complementar nº 214, de 2025.;Fornecimento dos serviços com redução de alíquota de 60% realizado por autônomo;60;60;2;N;N;S;;https://www.planalto.gov.br/ccivil_03/leis/lcp/lcp214.htm#art128;2026-01-01;;2026-10-01
200;Alíquota reduzida;200056;Fornecimento dos serviços com redução de alíquota de 30% realizado por autônomo, observado o art. 127 da Lei Complementar nº 214, de 2025.;Fornecimento dos serviços com redução de alíquota de 30% realizado por autônomo;30;30;2;N;N;S;91271;https://www.planalto.gov.br/ccivil_03/leis/lcp/lcp214.htm#art127;2026-01-01;;2026-10-01
220;Alíquota fixa;220001;Incorporação imobiliária submetida ao regime especial de tributação, observado o art. 485 da Lei Complementar nº 214, de 2025.;Incorporação imobiliária submetida ao regime especial de tributação;0;0;1;N;N;N;;https://www.planalto.gov.br/ccivil_03/leis/lcp/lcp214.htm#art485;2025-05-05;2026-01-01;2026-06-22
220;Alíquota fixa;220002;Incorporação imobiliária submetida ao regime especial de tributação, observado o art. 485 da Lei Complementar nº 214, de 2025.;Incorporação imobiliária submetida ao regime especial de tributação;0;0;1;N;N;N;;https://www.planalto.gov.br/ccivil_03/leis/lcp/lcp214.htm#art485;2025-05-05;2026-01-01;2026-06-22
220;Alíquota fixa;220003;Alienação de imóvel decorrente de parcelamento do solo, observado o art. 486 da Lei Complementar nº 214, de 2025.;Alienação de imóvel decorrente de parcelamento do solo;0;0;1;N;N;N;;https://www.planalto.gov.br/ccivil_03/leis/lcp/lcp214.htm#art486;2025-05-05;2026-01-01;2026-06-22
221;Alíquota fixa proporcional;221001;Locação, cessão onerosa ou arrendamento de bem imóvel com alíquota sobre a receita bruta, observado o art. 487 da Lei Complementar nº 214, de 2025.;Locação, cessão onerosa ou arrendamento de bem imóvel com alíquota sobre a receita bruta;0;0;1;N;N;S;94871;"https://www.planalto.gov.br/ccivil_03/leis/lcp/lcp214.htm#art484
";2025-05-05;;2026-06-22
221;Alíquota fixa proporcional;221002;Incorporação imobiliária submetida ao regime especial de tributação, observado o art. 485 da Lei Complementar nº 214, de 2025.;Incorporação imobiliária submetida ao regime especial de tributação;0;0;1;N;N;N;;https://www.planalto.gov.br/ccivil_03/leis/lcp/lcp214.htm#art485;2026-01-01;;2026-06-22
221;Alíquota fixa proporcional;221003;Incorporação imobiliária submetida ao regime especial de tributação, observado o art. 485 da Lei Complementar nº 214, de 2025.;Incorporação imobiliária submetida ao regime especial de tributação;0;0;1;N;N;N;;https://www.planalto.gov.br/ccivil_03/leis/lcp/lcp214.htm#art485;2026-01-01;;2026-06-22
221;Alíquota fixa proporcional;221004;Alienação de imóvel decorrente de parcelamento do solo, observado o art. 486 da Lei Complementar nº 214, de 2025.;Alienação de imóvel decorrente de parcelamento do solo;0;0;1;N;N;N;;https://www.planalto.gov.br/ccivil_03/leis/lcp/lcp214.htm#art486;2026-01-01;;2026-06-22
222;Redução de Base de Cálculo;222001;Transporte internacional de passageiros, caso os trechos de ida e volta sejam vendidos em conjunto, a base de cálculo será a metade do valor cobrado, observado o Art. 12 § 8º da Lei Complementar nº 214, de 2025.;Transporte internacional de passageiros, caso os trechos de ida e volta sejam vendidos em conjunto;0;0;2;N;N;N;;https://www.planalto.gov.br/ccivil_03/leis/lcp/lcp214.htm#art12;2025-05-05;;2026-06-22
400;Isenção;400001;Fornecimento de serviços de transporte público coletivo de passageiros rodoviário e metroviário de caráter urbano, semiurbano e metropolitano, sob regime de autorização, permissão ou concessão pública, observado o art. 157 da Lei Complementar nº 214, de 2025.;Fornecimento de serviços de transporte público coletivo de passageiros rodoviário e metroviário;0;0;2;N;N;S;;https://www.planalto.gov.br/ccivil_03/leis/lcp/lcp214.htm#art157;2025-05-05;;2026-06-22
400;Isenção;400002;Fornecimento de serviços de transporte público coletivo de passageiros rodoviário e metroviário de caráter urbano, semiurbano e metropolitano, sob regime de autorização, permissão ou concessão pública, com medição por quilômetro rodado, observado o art. 157 da Lei Complementar nº 214, de 2025.;Fornecimento de serviços de transporte público coletivo de passageiros rodoviário e metroviário com medição por quilômetro rodado;0;0;3;N;N;N;;https://www.planalto.gov.br/ccivil_03/leis/lcp/lcp214.htm#art157;2026-01-01;;2026-06-22
400;Isenção;400003;Bagagens de viajantes e de tripulantes, acompanhadas ou desacompanhadas, observado o art. 94 da Lei Complementar nº 214, de 2025.;Bagagens;0;0;3;N;N;N;;https://www.planalto.gov.br/ccivil_03/leis/lcp/lcp214.htm#art94;2026-01-01;;2026-10-01
400;Isenção;400004;Remessas internacionais, observado o art. 94 da Lei Complementar nº 214, de 2025.;Remessas internacionais;0;0;3;N;N;N;;https://www.planalto.gov.br/ccivil_03/leis/lcp/lcp214.htm#art94;2026-01-01;;2026-10-01
410;Imunidade e não incidência;410001;Fornecimento de bonificações quando constem do respectivo documento fiscal e que não dependam de evento posterior, observado o art. 5º da Lei Complementar nº 214, de 2025.;Fornecimento de bonificações quando constem no documento fiscal e que não dependam de evento posterior;0;0;3;S;S;S;;https://www.planalto.gov.br/ccivil_03/leis/lcp/lcp214.htm#art5;2025-05-05;;2026-06-22
410;Imunidade e não incidência;410002;Transferências entre estabelecimentos pertencentes ao mesmo contribuinte, observado o art. 6º da Lei Complementar nº 214, de 2025.;Transferências entre estabelecimentos pertencentes ao mesmo contribuinte;0;0;3;S;N;N;;https://www.planalto.gov.br/ccivil_03/leis/lcp/lcp214.htm#art6;2025-05-05;;2026-06-22
410;Imunidade e não incidência;410003;Doações que não tenham por objeto bens ou serviços que tenham permitido a apropriação de créditos pelo doador, observado o art. 6º da Lei Complementar nº 214, de 2025.;Doações sem contraprestação em benefício do doador;0;0;3;S;S;S;;https://www.planalto.gov.br/ccivil_03/leis/lcp/lcp214.htm#art6;2025-05-05;;2026-10-01
410;Imunidade e não incidência;410004;Exportações de bens e serviços, observado o art. 8º da Lei Complementar nº 214, de 2025.;Exportações de bens e serviços;0;0;3;S;N;S;;https://www.planalto.gov.br/ccivil_03/leis/lcp/lcp214.htm#art8;2025-05-05;;2026-06-22
410;Imunidade e não incidência;410005;Fornecimentos realizados pela União, pelos Estados, pelo Distrito Federal e pelos Municípios, observado o art. 9º da Lei Complementar nº 214, de 2025.;Fornecimentos realizados pela União, pelos Estados, pelo Distrito Federal e pelos Municípios;0;0;3;S;S;S;;https://www.planalto.gov.br/ccivil_03/leis/lcp/lcp214.htm#art9;2025-05-05;;2026-06-22
410;Imunidade e não incidência;410006;Fornecimentos realizados por entidades religiosas e templos de qualquer culto, inclusive suas organizações assistenciais e beneficentes, observado o art. 9º da Lei Complementar nº 214, de 2025.;Fornecimentos realizados por entidades religiosas e templos de qualquer culto;0;0;3;S;S;S;;https://www.planalto.gov.br/ccivil_03/leis/lcp/lcp214.htm#art9;2025-05-05;;2026-06-22
410;Imunidade e não incidência;410007;Fornecimentos realizados por partidos políticos, inclusive suas fundações, entidades sindicais dos trabalhadores e instituições de educação e de assistência social, sem fins lucrativos, observado o art. 9º da Lei Complementar nº 214, de 2025.;Fornecimentos realizados por partidos políticos, entidades sindicais e instituições de educação e de assistência social;0;0;3;S;S;S;;https://www.planalto.gov.br/ccivil_03/leis/lcp/lcp214.htm#art9;2025-05-05;;2026-06-22
410;Imunidade e não incidência;410008;Fornecimentos de livros, jornais, periódicos e do papel destinado a sua impressão, observado o art. 9º da Lei Complementar nº 214, de 2025.;Fornecimentos de livros, jornais, periódicos e do papel destinado a sua impressão;0;0;3;S;S;S;;https://www.planalto.gov.br/ccivil_03/leis/lcp/lcp214.htm#art9;2025-05-05;;2026-06-22
410;Imunidade e não incidência;410009;Fornecimentos de fonogramas e videofonogramas musicais produzidos no Brasil contendo obras musicais ou literomusicais de autores brasileiros e/ou obras em geral interpretadas por artistas brasileiros, bem como os suportes materiais ou arquivos digitais que os contenham, salvo na etapa de replicação industrial de mídias ópticas de leitura a laser, observado o art. 9º da Lei Complementar nº 214, de 2025.;Fornecimentos de fonogramas e videofonogramas musicais produzidos no Brasil;0;0;3;S;S;S;;https://www.planalto.gov.br/ccivil_03/leis/lcp/lcp214.htm#art9;2025-05-05;;2026-06-22
410;Imunidade e não incidência;410010;Fornecimentos de serviço de comunicação nas modalidades de radiodifusão sonora e de sons e imagens de recepção livre e gratuita, observado o art. 9º da Lei Complementar nº 214, de 2025.;Fornecimentos de serviço de comunicação nas modalidades de radiodifusão sonora e de sons e imagens de recepção livre e gratuita;0;0;3;N;N;S;;https://www.planalto.gov.br/ccivil_03/leis/lcp/lcp214.htm#art9;2025-05-05;;2026-06-22
410;Imunidade e não incidência;410011;Fornecimentos de ouro, quando definido em lei como ativo financeiro ou instrumento cambial, observado o art. 9º da Lei Complementar nº 214, de 2025.;Fornecimentos de ouro, quando definido em lei como ativo financeiro ou instrumento cambial;0;0;3;N;N;N;;https://www.planalto.gov.br/ccivil_03/leis/lcp/lcp214.htm#art9;2025-05-05;;2026-06-22
410;Imunidade e não incidência;410012;Fornecimento de condomínio edilício não optante pelo regime regular, observado o art. 26 da Lei Complementar nº 214, de 2025.;Fornecimento de condomínio edilício não optante pelo regime regular;0;0;3;S;S;S;;https://www.planalto.gov.br/ccivil_03/leis/lcp/lcp214.htm#art26;2025-05-05;;2026-06-22
410;Imunidade e não incidência;410013;Exportações de combustíveis, observado o art. 98 da Lei Complementar nº 214, de 2025.;Exportações de combustíveis;0;0;3;S;N;N;;https://www.planalto.gov.br/ccivil_03/leis/lcp/lcp214.htm#art98;2025-05-05;;2026-06-22
410;Imunidade e não incidência;410014;Fornecimento de produtor rural não contribuinte, observado o art. 164 da Lei Complementar nº 214, de 2025.;Fornecimento de produtor rural não contribuinte;0;0;3;S;S;S;;https://www.planalto.gov.br/ccivil_03/leis/lcp/lcp214.htm#art164;2025-05-05;;2026-10-01
410;Imunidade e não incidência;410015;Fornecimento por transportador autônomo não contribuinte, observado o art. 169 da Lei Complementar nº 214, de 2025.;Fornecimento por transportador autônomo não contribuinte;0;0;3;N;N;S;;https://www.planalto.gov.br/ccivil_03/leis/lcp/lcp214.htm#art169;2025-05-05;;2026-06-22
410;Imunidade e não incidência;410016;Fornecimento ou aquisição de resíduos sólidos, observado o art. 170 da Lei Complementar nº 214, de 2025.;Fornecimento ou aquisição de resíduos sólidos;0;0;3;S;N;N;;https://www.planalto.gov.br/ccivil_03/leis/lcp/lcp214.htm#art170;2025-05-05;;2026-06-22
410;Imunidade e não incidência;410017;Aquisição de bem móvel com crédito presumido sob condição de revenda realizada, observado o art. 171 da Lei Complementar nº 214, de 2025.;Aquisição de bem móvel com crédito presumido sob condição de revenda realizada;0;0;3;S;N;N;;https://www.planalto.gov.br/ccivil_03/leis/lcp/lcp214.htm#art171;2025-05-05;;2026-06-22
410;Imunidade e não incidência;410018;Operações relacionadas aos fundos garantidores e executores de políticas públicas, inclusive de habitação, previstos em lei, assim entendidas os serviços prestados ao fundo pelo seu agente operador e por entidade encarregada da sua administração, observado o art. 213 da Lei Complementar nº 214, de 2025.;Operações relacionadas aos fundos garantidores e executores de políticas públicas;0;0;3;N;N;N;;https://www.planalto.gov.br/ccivil_03/leis/lcp/lcp214.htm#art213;2025-05-05;;2026-06-22
410;Imunidade e não incidência;410019;Exclusão da gorjeta na base de cálculo no fornecimento de alimentação, observado o art. 274 da Lei Complementar nº 214, de 2025.;Exclusão da gorjeta na base de cálculo no fornecimento de alimentação;0;0;3;S;S;N;;https://www.planalto.gov.br/ccivil_03/leis/lcp/lcp214.htm#art274;2025-05-05;;2026-06-22
410;Imunidade e não incidência;410020;Exclusão do valor de intermediação na base de cálculo no fornecimento de alimentação, observado o art. 274 da Lei Complementar nº 214, de 2025.;Exclusão do valor de intermediação na base de cálculo no fornecimento de alimentação;0;0;3;S;S;N;;https://www.planalto.gov.br/ccivil_03/leis/lcp/lcp214.htm#art274;2025-05-05;;2026-06-22
410;Imunidade e não incidência;410021;Contribuição de que trata o art. 149-A da Constituição Federal, observado o art. 12 da Lei Complementar nº 214, de 2025.;Contribuição de que trata o art. 149-A da Constituição Federal;0;0;3;N;N;N;;https://www.planalto.gov.br/ccivil_03/leis/lcp/lcp214.htm#art12;2025-05-05;;2026-06-22
410;Imunidade e não incidência;410022;Consolidação da propriedade pelo credor de bens móveis ou imóveis que tenham sido objeto de garantia, observado o art. 200 da Lei Complementar nº 214, de 2025.;Consolidação da propriedade do bem pelo credor;0;0;3;S;N;N;;https://www.planalto.gov.br/ccivil_03/leis/lcp/lcp214.htm#art200;2025-09-30;;2026-10-01
410;Imunidade e não incidência;410023;Alienação de bens móveis ou imóveis que tenham sido objeto de garantia constituída em favor de credor em que o prestador da garantia não seja contribuinte, observado o art. 200 da Lei Complementar nº 214, de 2025.;Alienação de bens móveis ou imóveis que tenham sido objeto de garantia em que o prestador da garantia não seja contribuinte;0;0;3;S;N;N;;https://www.planalto.gov.br/ccivil_03/leis/lcp/lcp214.htm#art200;2025-09-30;;2026-10-01
410;Imunidade e não incidência;410024;Consolidação da propriedade pelo grupo de consórcio de bem que tenha sido objeto de garantia, observado o art. 204 da Lei Complementar nº 214, de 2025.;Consolidação da propriedade do bem pelo grupo de consórcio;0;0;3;S;N;N;;https://www.planalto.gov.br/ccivil_03/leis/lcp/lcp214.htm#art204;2025-09-30;;2026-10-01
410;Imunidade e não incidência;410025;Alienação de bem que tenha sido objeto de garantia constituída em favor do grupo de consórcio em que o prestador da garantia não seja contribuinte, observado o art. 204 da Lei Complementar nº 214, de 2025.;Alienação de bem que tenha sido objeto de garantia em que o prestador da garantia não seja contribuinte;0;0;3;S;N;N;;https://www.planalto.gov.br/ccivil_03/leis/lcp/lcp214.htm#art204;2025-09-30;;2026-10-01
410;Imunidade e não incidência;410026;Doações sem contraprestação em benefício do doador, com anulação de crédito apropriados pelo doador referente ao fornecimento doado, observado o art. 6º da Lei Complementar nº 214, de 2025.;Doação com anulação de crédito;0;0;3;S;S;S;;"https://www.planalto.gov.br/ccivil_03/leis/lcp/lcp214.htm#art6
";2025-09-30;;2026-10-01
410;Imunidade e não incidência;410027;Fornecimento de bens e serviços, desde que vinculados direta e exclusivamente à exportação de bens materiais ou associados à entrega no exterior de bens materiais, observado o art. 6º da Lei Complementar nº 214, de 2025.;Exportação de serviço ou de bem imaterial;0;0;3;S;N;S;;https://www.planalto.gov.br/ccivil_03/leis/lcp/lcp214.htm#art80;2025-11-19;;2026-06-22
410;Imunidade e não incidência;410028;Operações com bens imóveis realizadas por pessoas físicas não consideradas contribuintes do regime regular do IBS e da CBS, observado o art. 251 da Lei Complementar nº 214, de 2025.;Operações com bens imóveis realizadas por pessoas físicas não consideradas contribuintes;0;0;3;N;N;N;;https://www.planalto.gov.br/ccivil_03/leis/lcp/lcp214.htm#art251;2025-11-19;;2026-10-01
410;Imunidade e não incidência;410029;Operações não sujeitas à incidência de IBS e de CBS, alcançadas apenas por obrigação acessória do ICMS, observado o art. 4º da Lei Complementar nº 214, de 2025.;Operações acobertadas somente pelo ICMS;0;0;3;S;S;N;;https://www.planalto.gov.br/ccivil_03/leis/lcp/lcp214.htm#art4;2025-11-19;;2026-06-22
410;Imunidade e não incidência;410030;Estorno de crédito apropriado de bens adquiridos e venham a perecer, deteriorar-se ou ser objeto de roubo, furto ou extravio, observado o art. 47 da Lei Complementar nº 214, de 2025.;Estorno de crédito por perecimento, deteriorização, roubo, furto ou extravio.;0;0;3;S;N;N;;https://www.planalto.gov.br/ccivil_03/leis/lcp/lcp214.htm#art47;2025-11-19;;2026-06-22
410;Imunidade e não incidência;410031;Fornecimento em período anterior ao início de vigência de incidências de CBS e IBS, observado o art. 544 da Lei Complementar nº 214, de 2025.;Fornecimento em período anterior ao início de vigência de incidências de CBS e IBS;0;0;3;S;N;N;;https://www.planalto.gov.br/ccivil_03/leis/lcp/lcp214.htm#art544;2025-11-19;;2026-06-22
410;Imunidade e não incidência;410032;Tributos incidentes na operação que não integram a base de cálculo do IBS e da CBS, observado o art. 12 da Lei Complementar nº 214, de 2025.;Tributos incidentes na operação que não integram a base de cálculo do IBS e da CBS;0;0;3;N;N;N;;https://www.planalto.gov.br/ccivil_03/leis/lcp/lcp214.htm#art12;2026-01-01;;2026-06-22
410;Imunidade e não incidência;410033;Operações com bens imóveis, inclusive operações com direitos reais sobre bens imóveis, realizadas por Fundos de Investimento Imobiliário (FII) e Fundos de Investimento nas Cadeias Produtivas do Agronegócio (Fiagro), observado o art. 26 da Lei Complementar nº 214, de 2025.;Operações de Fundos de Investimento Imobiliário (FII) e Fundos de Investimento nas Cadeias Produtivas do Agronegócio (Fiagro);0;0;3;N;N;S;;https://www.planalto.gov.br/ccivil_03/leis/lcp/lcp214.htm#art26;2026-01-01;;2026-06-22
410;Imunidade e não incidência;410034;Fundos de investimento cujo patrimônio seja constituído exclusivamente por aplicações em participações societárias, certificados, direitos, títulos, valores mobiliários e demais ativos financeiros permitidos pela Comissão de Valores Mobiliários, observado o art. 26 da Lei Complementar nº 214, de 2025.;Operações de fundos de investimento;0;0;3;N;N;N;;https://www.planalto.gov.br/ccivil_03/leis/lcp/lcp214.htm#art26;2026-01-01;;2026-10-01
410;Imunidade e não incidência;410035;Fornecimento realizado por nanoempreendedor, observado o art. 26 da Lei Complementar nº 214, de 2025.;Fornecimento realizado por nanoempreendedor;0;0;3;S;S;S;;https://www.planalto.gov.br/ccivil_03/leis/lcp/lcp214.htm#art26;2026-01-01;;2026-06-22
410;Imunidade e não incidência;410036;Descontos financeiros em nota fatura, observado o art. 12 da Lei Complementar nº 214, de 2025.;Descontos financeiros em nota fatura;0;0;3;N;N;N;;https://www.planalto.gov.br/ccivil_03/leis/lcp/lcp214.htm#art12;2026-01-01;;2026-10-01
410;Imunidade e não incidência;410037;Importação de bens materiais sem incidência de IBS e CBS, observado o art. 66 da Lei Complementar nº 214, de 2025.;Importação de bens materiais sem incidência de IBS e CBS;0;0;3;N;N;N;;https://www.planalto.gov.br/ccivil_03/leis/lcp/lcp214.htm#art66;2026-01-01;;2026-10-01
410;Imunidade e não incidência;410999;Operações não onerosas sem previsão de tributação, não especificadas anteriormente, observado o art. 4º da Lei Complementar nº 214, de 2025.;Operações não onerosas sem previsão de tributação, não especificadas anteriormente;0;0;3;S;S;S;;https://www.planalto.gov.br/ccivil_03/leis/lcp/lcp214.htm#art4;2025-05-05;;2026-06-22
510;Diferimento;510001;Operações, sujeitas a diferimento, com energia elétrica ou com direitos a ela relacionados, relativas à importação, geração, comercialização, distribuição e transmissão, observado o art. 28 da Lei Complementar nº 214, de 2025.;Operações, sujeitas a diferimento, com energia elétrica, relativas à importação, geração, comercialização, distribuição e transmissão;0;0;3;S;N;N;90281;https://www.planalto.gov.br/ccivil_03/leis/lcp/lcp214.htm#art28;2025-05-05;;2026-06-22
515;Diferimento com redução de alíquota;515001;Operações, sujeitas a diferimento, com insumos agropecuários e aquícolas, observado o art. 138 da Lei Complementar nº 214, de 2025.;Operações, sujeitas a diferimento, com insumos agropecuários e aquícolas (Anexo IX);60;60;2;S;N;S;9;"https://www.planalto.gov.br/ccivil_03/leis/lcp/lcp214.htm#art138
";2025-09-30;;2026-06-22
550;Suspensão;550001;Exportações de bens materiais, observado o art. 82 da Lei Complementar nº 214, de 2025.;Exportações de bens materiais;0;0;3;S;N;N;;https://www.planalto.gov.br/ccivil_03/leis/lcp/lcp214.htm#art82;2025-05-05;;2026-06-22
550;Suspensão;550002;Regime de Trânsito, observado o art. 84 da Lei Complementar nº 214, de 2025.;Regime de Trânsito;0;0;3;N;N;N;;https://www.planalto.gov.br/ccivil_03/leis/lcp/lcp214.htm#art84;2025-05-05;;2026-06-22
550;Suspensão;550003;Regimes de Depósito, observado o art. 85 da Lei Complementar nº 214, de 2025.;Regimes de Depósito (art. 85);0;0;3;S;N;N;;https://www.planalto.gov.br/ccivil_03/leis/lcp/lcp214.htm#art85;2025-05-05;;2026-10-01
550;Suspensão;550004;Regimes de Depósito, observado o art. 87 da Lei Complementar nº 214, de 2025.;Regimes de Depósito (art. 87);0;0;3;S;N;N;;https://www.planalto.gov.br/ccivil_03/leis/lcp/lcp214.htm#art87;2025-05-05;;2026-06-22
550;Suspensão;550005;Regimes de Depósito, observado o art. 87 da Lei Complementar nº 214, de 2025.;Regimes de Depósito (art. 87, Parágrafo único);0;0;3;S;N;N;;https://www.planalto.gov.br/ccivil_03/leis/lcp/lcp214.htm#art87;2025-05-05;;2026-06-22
550;Suspensão;550006;Regimes de Permanência Temporária com suspensão total, observado o art. 88 da Lei Complementar nº 214, de 2025.;Regimes de Permanência Temporária com suspensão total;0;0;3;S;N;N;;https://www.planalto.gov.br/ccivil_03/leis/lcp/lcp214.htm#art88;2025-05-05;;2026-10-01
550;Suspensão;550007;Regimes de Aperfeiçoamento (Recof), observado o art. 90 da Lei Complementar nº 214, de 2025.;Regimes de Aperfeiçoamento (Recof);0;0;3;S;N;N;;https://www.planalto.gov.br/ccivil_03/leis/lcp/lcp214.htm#art90;2025-05-05;;2026-10-01
550;Suspensão;550008;Importação de bens para o Regime de Repetro-Temporário, de que tratam o inciso I do art. 93 da Lei Complementar nº 214, de 2025.;Importação de bens para o Regime de Repetro-Temporário;0;0;3;S;N;N;81641;https://www.planalto.gov.br/ccivil_03/leis/lcp/lcp214.htm#art93;2025-05-05;;2026-10-01
550;Suspensão;550009;GNL-Temporário, de que trata o inciso II do art. 93 da Lei Complementar nº 214, de 2025.;GNL-Temporário;0;0;3;S;N;N;81642;https://www.planalto.gov.br/ccivil_03/leis/lcp/lcp214.htm#art93;2025-05-05;;2026-10-01
550;Suspensão;550010;Repetro-Permanente, de que trata o inciso III do art. 93 da Lei Complementar nº 214, de 2025.;Repetro-Permanente;0;0;3;S;N;N;81643;https://www.planalto.gov.br/ccivil_03/leis/lcp/lcp214.htm#art93;2025-05-05;;2026-10-01
550;Suspensão;550011;Repetro-Industrialização, de que trata o inciso IV do art. 93 da Lei Complementar nº 214, de 2025.;Repetro-Industrialização;0;0;3;S;N;N;81643;https://www.planalto.gov.br/ccivil_03/leis/lcp/lcp214.htm#art93;2025-05-05;;2026-10-01
550;Suspensão;550012;Repetro-Nacional, de que trata o inciso V do art. 93 da Lei Complementar nº 214, de 2025.;Repetro-Nacional;0;0;3;S;N;N;81643;https://www.planalto.gov.br/ccivil_03/leis/lcp/lcp214.htm#art93;2025-05-05;;2026-10-01
550;Suspensão;550013;Repetro-Entreposto, de que trata o inciso VI do art. 93 da Lei Complementar nº 214, de 2025.;Repetro-Entreposto;0;0;3;S;N;N;81644;https://www.planalto.gov.br/ccivil_03/leis/lcp/lcp214.htm#art93;2025-05-05;;2026-10-01
550;Suspensão;550014;Zona de Processamento de Exportação, observado os arts. 99 e 100 da Lei Complementar nº 214, de 2025.;Zona de Processamento de Exportação;0;0;3;S;N;N;;https://www.planalto.gov.br/ccivil_03/leis/lcp/lcp214.htm#art99;2025-05-05;;2026-10-01
550;Suspensão;550015;Regime Tributário para Incentivo à Modernização e à Ampliação da Estrutura Portuária - Reporto, observado o art. 105 da Lei Complementar nº 214, de 2025.;Regime Tributário para Incentivo à Modernização e à Ampliação da Estrutura Portuária;0;0;3;S;N;N;81861;https://www.planalto.gov.br/ccivil_03/leis/lcp/lcp214.htm#art105;2025-05-05;;2026-10-01
550;Suspensão;550016;Regime Especial de Incentivos para o Desenvolvimento da Infraestrutura - Reidi, observado o art. 106 da Lei Complementar nº 214, de 2025.;Regime Especial de Incentivos para o Desenvolvimento da Infraestrutura;0;0;3;S;N;S;;https://www.planalto.gov.br/ccivil_03/leis/lcp/lcp214.htm#art106;2025-05-05;;2026-06-22
550;Suspensão;550017;Regime Tributário para Incentivo à Atividade Econômica Naval – Renaval, observado o art. 107 da Lei Complementar nº 214, de 2025.;Regime Tributário para Incentivo à Atividade Econômica Naval;0;0;3;S;N;N;;https://www.planalto.gov.br/ccivil_03/leis/lcp/lcp214.htm#art107;2025-05-05;;2026-06-22
550;Suspensão;550018;Desoneração da aquisição de bens de capital, observado o art. 109 da Lei Complementar nº 214, de 2025.;Desoneração da aquisição de bens de capital;0;0;3;S;N;N;81961;https://www.planalto.gov.br/ccivil_03/leis/lcp/lcp214.htm#art109;2025-05-05;;2026-10-01
550;Suspensão;550019;Importação de bem material por indústria incentivada para utilização na Zona Franca de Manaus, observado o art. 443 da Lei Complementar nº 214, de 2025.;Importação de bem material por indústria incentivada para utilização na ZFM;0;0;3;S;N;N;;https://www.planalto.gov.br/ccivil_03/leis/lcp/lcp214.htm#art443;2025-05-05;;2026-06-22
550;Suspensão;550020;Áreas de livre comércio, observado o art. 461 da Lei Complementar nº 214, de 2025.;Áreas de livre comércio;0;0;3;S;N;N;;https://www.planalto.gov.br/ccivil_03/leis/lcp/lcp214.htm#art461;2025-05-05;;2026-06-22
550;Suspensão;550021;Fornecimento de produtos agropecuários in natura para contribuinte do regime regular que promova industrialização destinada a exportação, observado o art. 82 da Lei Complementar nº 214, de 2025.;Industrialização destinada a exportações;0;0;3;S;N;N;;"https://www.planalto.gov.br/ccivil_03/leis/lcp/lcp214.htm#art82
";2025-09-30;;2026-10-01
550;Suspensão;550022;Regime Especial de Incentivos para a Produção de Hidrogênio de Baixa Emissão de Carbono (Rehidro), observado o art. 106 da Lei Complementar nº 214, de 2025.;Regime Especial de Incentivos para a Produção de Hidrogênio de Baixa Emissão de Carbono (Rehidro);0;0;3;S;N;S;;https://www.planalto.gov.br/ccivil_03/leis/lcp/lcp214.htm#art106;2026-01-01;;2026-06-22
550;Suspensão;550023;Operações com hidrocarbonetos líquidos derivados de petróleo não combustíveis ou de gás natural, inclusive nafta, observado o art. 172 da Lei Complementar nº 214, de 2025.;Operações com hidrocarbonetos líquidos derivados de petróleo não combustíveis ou de gás natural, inclusive nafta;0;0;3;S;N;N;;https://www.planalto.gov.br/ccivil_03/leis/lcp/lcp214.htm#art172;2026-01-01;;2026-06-22
550;Suspensão;550024;Importações e nas aquisições no mercado interno de máquinas, equipamentos e veículos destinados a utilização nas atividades de que trata o inciso IIIdo art. 107 efetuadas para incorporação a seu ativo imobilizado, observado o art. 107 da Lei Complementar nº 214, de 2025.;Regime Tributário para Incentivo à Atividade Naval - Renaval (Art. 107, II);0;0;3;N;N;N;;https://www.planalto.gov.br/ccivil_03/leis/lcp/lcp214.htm#art107;2026-01-01;;2026-06-22
550;Suspensão;550025;Importações e nas aquisições no mercado interno de matérias-primas, produtos intermediários, partes, peças e componentes para utilização na construção, conservação, modernização e reparo de embarcações pré-registradas ou registradas no REB, observado o art. 107 da Lei Complementar nº 214, de 2025.;Regime Tributário para Incentivo à Atividade Naval - Renaval (Art. 107, III);0;0;3;N;N;N;;https://www.planalto.gov.br/ccivil_03/leis/lcp/lcp214.htm#art107;2026-01-01;;2026-06-22
550;Suspensão;550026;Regimes de admissão temporária com suspensão total do pagamento dos tributos durante o período de sua permanência na Zona Franca de Manaus, observado o art. 89 da Lei Complementar nº 214, de 2025.;Regimes de admissão temporária com suspensão total do pagamento dos tributos (ZFM);0;0;3;S;N;N;;https://www.planalto.gov.br/ccivil_03/leis/lcp/lcp214.htm#art89;2026-01-01;;2026-10-01
550;Suspensão;550027;Regimes de Aperfeiçoamento (Drawback), observado o art. 90 da Lei Complementar nº 214, de 2025.;Regimes de Aperfeiçoamento (Drawback);0;0;3;S;N;N;;https://www.planalto.gov.br/ccivil_03/leis/lcp/lcp214.htm#art90;2026-01-01;;2026-10-01
550;Suspensão;550028;Regimes de Aperfeiçoamento (Admissão temporária), observado o art. 90 da Lei Complementar nº 214, de 2025.;Regimes de Aperfeiçoamento (Admissão temporária);0;0;3;S;N;N;;https://www.planalto.gov.br/ccivil_03/leis/lcp/lcp214.htm#art90;2026-01-01;;2026-10-01
550;Suspensão;550029;Zona de Processamento de Exportação, observado os art. 102 da Lei Complementar nº 214, de 2025.;Zona de Processamento de Exportação;0;0;3;S;N;N;;https://www.planalto.gov.br/ccivil_03/leis/lcp/lcp214.htm#art99;2026-01-01;;2026-10-01
620;Tributação Monofásica;620001;Tributação monofásica sobre combustíveis, observados os art. 172 da Lei Complementar nº 214, de 2025.;Tributação monofásica sobre combustíveis;0;0;2;S;N;N;91721;https://www.planalto.gov.br/ccivil_03/leis/lcp/lcp214.htm#art172;2025-05-05;;2026-06-22
620;Tributação Monofásica;620002;Tributação monofásica com responsabilidade pela retenção sobre combustíveis, observado o art. 178 da Lei Complementar nº 214, de 2025.;Tributação monofásica com responsabilidade pela retenção sobre combustíveis;0;0;2;S;N;N;91722;https://www.planalto.gov.br/ccivil_03/leis/lcp/lcp214.htm#art178;2025-05-05;;2026-06-22
620;Tributação Monofásica;620003;Tributação monofásica com responsabilidade de retenção de tributos por terceiros, observado o art. 178 da Lei Complementar nº 214, de 2025.;Tributação monofásica com responsabilidade de retenção de tributos por terceiros;0;0;2;S;N;N;91723;https://www.planalto.gov.br/ccivil_03/leis/lcp/lcp214.htm#art178;2025-05-05;;2026-06-22
620;Tributação Monofásica;620004;Tributação monofásica sobre mistura de EAC com gasolina A em percentual superior ou inferior ao obrigatório, observado o art. 179 da Lei Complementar nº 214, de 2025.;Tributação monofásica sobre mistura de EAC com gasolina A em percentual superior ao obrigatório;0;0;2;S;N;N;91724;https://www.planalto.gov.br/ccivil_03/leis/lcp/lcp214.htm#art179;2025-05-05;;2026-06-22
620;Tributação Monofásica;620005;Tributação monofásica sobre mistura de EAC com gasolina A em percentual superior ou inferior ao obrigatório, observado o art. 179 da Lei Complementar nº 214, de 2025.;Tributação monofásica sobre mistura de EAC com gasolina A em percentual inferior ao obrigatório;0;0;2;S;N;N;91725;https://www.planalto.gov.br/ccivil_03/leis/lcp/lcp214.htm#art179;2025-05-05;;2026-06-22
620;Tributação Monofásica;620006;Tributação monofásica sobre combustíveis cobrada anteriormente, observador o art. 180 da Lei Complementar nº 214, de 2025.;Tributação monofásica sobre combustíveis cobrada anteriormente;0;0;2;S;S;N;91726;https://www.planalto.gov.br/ccivil_03/leis/lcp/lcp214.htm#art180;2025-05-05;;2026-06-22
620;Tributação Monofásica;620007;Perecimento, deteriorização, roubo, furto ou extravio no regime monofásico sem estorno de crédito, observado o art. 47 da Lei Complementar nº 214, de 2025.;Perecimento, deteriorização, roubo, furto ou extravio no regime monofásico;0;0;3;S;N;N;;https://www.planalto.gov.br/ccivil_03/leis/lcp/lcp214.htm#art47;2026-01-01;;2026-06-22
800;Transferência de crédito;800001;Fusão, cisão ou incorporação, observado o art. 55 da Lei Complementar nº 214, de 2025.;Fusão, cisão ou incorporação;0;0;3;S;N;S;;https://www.planalto.gov.br/ccivil_03/leis/lcp/lcp214.htm#art55;2025-05-05;;2026-06-22
800;Transferência de crédito;800002;Transferência de crédito do associado, inclusive as cooperativas singulares, para cooperativa de que participa das operações antecedentes às operações em que fornece bens e serviços e os créditos presumidos, observado o art. 272 da Lei Complementar nº 214, de 2025.;Transferência de crédito do associado, inclusive as cooperativas singulares;0;0;3;S;N;S;;https://www.planalto.gov.br/ccivil_03/leis/lcp/lcp214.htm#art272;2025-05-05;;2026-06-22
810;Ajuste de IBS na ZFM;810001;Crédito presumido sobre o valor apurado nos fornecimentos a partir da Zona Franca de Manaus, observado o art. 450 da Lei Complementar nº 214, de 2025.;Crédito presumido sobre o valor apurado nos fornecimentos a partir da ZFM;0;0;3;S;N;N;;https://www.planalto.gov.br/ccivil_03/leis/lcp/lcp214.htm#art450;2025-05-05;;2026-06-22
811;Ajustes;811001;Anulação de crédito proporcional ao valor das operações imunes e isentas, observado o art. 51 da Lei Complementar nº 214, de 2025.;Anulação de Crédito por Saídas Imunes/Isentas;0;0;3;S;N;S;;"https://www.planalto.gov.br/ccivil_03/leis/lcp/lcp214.htm#art51
";2025-09-30;;2026-06-22
811;Ajustes;811002;Débitos de notas fiscais não processadas na apuração, observado o art. 45 da Lei Complementar nº 214, de 2025.;Débitos de notas fiscais não processadas na apuração;0;0;3;S;N;S;;"https://www.planalto.gov.br/ccivil_03/leis/lcp/lcp214.htm#art45
";2025-09-30;;2026-06-22
811;Ajustes;811003;Débitos apurados após o desenquadramento do regime Simples Nacional, observado o art. 41 da Lei Complementar nº 214, de 2025.;Desenquadramento do Simples Nacional;0;0;3;S;N;S;;"https://www.planalto.gov.br/ccivil_03/leis/lcp/lcp214.htm#art41
";2025-09-30;;2026-06-22
820;Tributação em documento específico;820001;Documento com informações de fornecimento de serviços de planos de assistência à saúde elencados no art. 234 da Lei Complementar nº 214, de 2025, mas com tributação realizada por outro meio;Documento com informações de fornecimento de serviços de planos de assistência à saúde elencados no art. 234 da Lei Complementar nº214, de 2025;0;0;3;N;N;S;92341;https://www.planalto.gov.br/ccivil_03/leis/lcp/lcp214.htm#art234;2025-05-05;;2026-06-22
820;Tributação em documento específico;820002;Documento com informações de fornecimento de serviços de planos de assinstência funerária, mas com tributação realizada por outro meio, observado o art. 236 da Lei Complementar nº 214, de 2025.;Documento com informações de fornecimento de serviços de planos de assinstência funerária;0;0;3;N;N;S;92361;https://www.planalto.gov.br/ccivil_03/leis/lcp/lcp214.htm#art236;2025-05-05;;2026-06-22
820;Tributação em documento específico;820003;Documento com informações de fornecimento de serviços de planos de assinstência à saúde de animais domésticos, mas com tributação realizada por outro meio, observado o art. 243 da Lei Complementar nº 214, de 2025.;Documento com informações de fornecimento de serviços de planos de assistência à saúde de animais domésticos;0;0;3;N;N;S;92431;https://www.planalto.gov.br/ccivil_03/leis/lcp/lcp214.htm#art243;2025-05-05;;2026-06-22
820;Tributação em documento específico;820004;Documento com informações de prestação de serviços de consursos de prognósticos, mas com tributação realizada por outro meio, observado o art. 248 da Lei Complementar nº 214, de 2025.;Documento com informações de prestação de serviços de consursos de prognósticos;0;0;3;N;N;S;;https://www.planalto.gov.br/ccivil_03/leis/lcp/lcp214.htm#art248;2025-05-05;;2026-06-22
820;Tributação em documento específico;820005;Documento com informações de alienação de bens imóveis, mas com tributação realizada por outro meio,, observado o art. 254 da Lei Complementar nº 214, de 2025.;Documento com informações de alienação de bens imóveis;0;0;3;N;N;N;;https://www.planalto.gov.br/ccivil_03/leis/lcp/lcp214.htm#art254;2025-05-05;;2026-06-22
820;Tributação em documento específico;820006;Documento com informações de fornecimento de serviços de exploração de via, mas com tributação realizada por outro meio, observado o art. 11 da Lei Complementar nº 214, de 2025.;Documento com informações de fornecimento de serviços de exploração de via;0;0;3;N;N;S;90111;"https://www.planalto.gov.br/ccivil_03/leis/lcp/lcp214.htm#art11
";2025-09-30;;2026-06-22
820;Tributação em documento específico;820007;Documento com informações de fornecimento de serviços financeiros, mas com tributação realizada por outro meio, observado o art. 181 da Lei Complementar nº 214, de 2025.;Documento com informações de fornecimento de serviços financeiros;0;0;3;N;N;S;91811;https://www.planalto.gov.br/ccivil_03/leis/lcp/lcp214.htm#art181;2025-11-19;;2026-06-22
820;Tributação em documento específico;820008;Documento com informações de fornecimento de serviço continuado, mas com tributação realizada em fatura anterior, observado o art. 10 da Lei Complementar nº 214, de 2025.;Documento com informações de fornecimento de serviço continuado, mas com tributação realizada em fatura anterior;0;0;3;N;N;N;;https://www.planalto.gov.br/ccivil_03/leis/lcp/lcp214.htm#art10;2025-11-19;;2026-06-22
820;Tributação em documento específico;820009;Fornecimentos declarados e tributados em outro documento, observado o art. 60 da Lei Complementar nº 214, de 2025.;Fornecimentos declarados e tributados em outro documento;0;0;3;N;N;S;;https://www.planalto.gov.br/ccivil_03/leis/lcp/lcp214.htm#art60;2026-01-01;;2026-10-01
830;Exclusão da Base de Cálculo;830001;Documento com exclusão da base de cálculo da CBS e do IBS refrente à energia elétrica fornecida pela distribuidora à unidade consumidora, conforme Art 28, parágrafos 3° e 4°.;Documento com exclusão da BC da CBS e do IBS de energia elétrica fornecida pela distribuidora à UC;0;0;2;S;N;N;;https://www.planalto.gov.br/ccivil_03/leis/lcp/lcp214.htm#art28;2025-05-05;;2026-06-22
